id;name;description;billing_company;career_name;site_number;site_name;site_company;site_latitude;site_longitude;site_type;is_site_360;internal_due;p_o_number
1;Branding;Home Gloves Latvia;Ports Manager Fish;Networked;32539;navigate;program alarm;30806;56830;StealthTower;false;2020-02-10T16:00:22;Wisconsin
2;target Human withdrawal;dot-com payment Libyan Dinar;white sensor local;calculate;4360;Representative;Response Human;37015;74771;Industrial;false;2020-02-10T11:44:27;Planner Strategist
3;Incredible functionalities fuchsia;infrastructure;mesh;Configuration UIC-Franc;57006;Intelligent;Zambian Kwacha intuitive;25416;51832;WaterTower;true;2020-02-10T01:38:57;Metal array France
4;redundant;Synergistic Personal Loan Account Sleek;Borders;olive Handcrafted Cotton Bacon Unbranded Fresh Pants;2761;California interfaces;Garden Dale Wallis and Futuna;28654;83893;Overhead;false;2020-02-10T02:16:30;back-end
5;interface;compress lavender Investment Account;backing up;Iran;54063;deposit panel Strategist;card Licensed Cotton Ball;43352;43897;NULL;true;2020-02-10T11:44:16;Som Rustic Frozen Keyboard ROI
6;Benin;Tuna Response invoice;alarm Jamaica;system Gorgeous Rubber Pants;15864;Steel leading-edge Small;Incredible Fresh Chips;70365;17533;NULL;true;2020-02-10T10:39:14;Shoes systems
7;Generic Frozen Tuna HTTP;implement;Optimization Cambridgeshire;payment Soap;7056;invoice Outdoors New York;multi-byte Jamaican Dollar North Carolina;12850;45825;Architectural;true;2020-02-10T06:22:54;teal analyzing yellow
8;Books Generic;robust withdrawal generate;Garden open-source hybrid;Solomon Islands Dollar;34833;Accountability Handmade Cotton Bacon;intermediate Table quantify;80683;57592;WaterTower;true;2020-02-10T13:50:17;Infrastructure SSL bandwidth
9;application Configurable iterate;Berkshire navigating;superstructure;streamline;1083;Internal Fantastic time-frame;CFP Franc Borders Borders;8328;44844;NULL;false;2020-02-10T08:43:42;ivory Data neural
10;Unbranded;Associate Designer;mindshare;Guam bandwidth Liaison;68803;generating SDD bypassing;Algerian Dinar Fantastic Fresh Salad;70624;14660;Rooftop;false;2020-02-09T22:20:17;exploit transition
